{
    "name": "school-connector2",
    "config": {
        "connector.class": "io.debezium.connector.postgresql.PostgresConnector",
        "tasks.max": "1",
        "database.hostname": "postgres2",
        "database.port": "5432",
        "database.dbname": "inst2",
        "database.user": "postgres",
        "database.password": "inst2pass",
        "database.server.name": "postgres2",
        "plugin.name": "pgoutput",
        "slot.name": "debezium_school",
        "publication.name": "dbz_school",
        "table.include.list": "public.school",
        "key.converter": "io.confluent.connect.avro.AvroConverter",
        "value.converter": "io.confluent.connect.avro.AvroConverter",
        "key.converter.schema.registry.url": "http://schema-registry:8081",
        "value.converter.schema.registry.url": "http://schema-registry:8081"
    }
}